{
  "B cells": {
    "precision": 1.0,
    "recall": 0.9772727272727273,
    "f1-score": 0.9885057471264368,
    "support": 44.0
  },
  "Cytotoxic T/NK": {
    "precision": 0.9339622641509434,
    "recall": 0.908256880733945,
    "f1-score": 0.9209302325581395,
    "support": 109.0
  },
  "Dendritic cells": {
    "precision": 0.9387755102040817,
    "recall": 0.9583333333333334,
    "f1-score": 0.9484536082474226,
    "support": 48.0
  },
  "Memory T cells": {
    "precision": 0.9411764705882353,
    "recall": 0.8421052631578947,
    "f1-score": 0.8888888888888888,
    "support": 57.0
  },
  "Monocytes": {
    "precision": 0.9802631578947368,
    "recall": 0.9738562091503268,
    "f1-score": 0.9770491803278688,
    "support": 153.0
  },
  "Monocytes / Neutrophils": {
    "precision": 0.8857142857142857,
    "recall": 0.9117647058823529,
    "f1-score": 0.8985507246376812,
    "support": 34.0
  },
  "NK cells": {
    "precision": 0.9142857142857143,
    "recall": 1.0,
    "f1-score": 0.9552238805970149,
    "support": 32.0
  },
  "Naive T cells": {
    "precision": 0.953416149068323,
    "recall": 0.9746031746031746,
    "f1-score": 0.9638932496075353,
    "support": 315.0
  },
  "pDCs or DC subtype": {
    "precision": 1.0,
    "recall": 0.75,
    "f1-score": 0.8571428571428571,
    "support": 4.0
  },
  "accuracy": 0.9522613065326633,
  "macro avg": {
    "precision": 0.9497326168784801,
    "recall": 0.9217991437926395,
    "f1-score": 0.9331820410148717,
    "support": 796.0
  },
  "weighted avg": {
    "precision": 0.9524974231050543,
    "recall": 0.9522613065326633,
    "f1-score": 0.9519214152598466,
    "support": 796.0
  }
}